ID;CONTACTLASTNAME;ADDRESSLINE1;ADDRESSLINE2;CONTACTFIRSTNAME;PHONE;CUSTOMERNAME;CITY
0;Yu;897 Long Airport Avenue;;Kwai;2125557818;Land of Toys Inc.;50
1;Henriot;59 rue de l'Abbaye;;Paul;26.47.1555;Reims Collectables;17
2;Da Cunha;27 rue du Colonel Pierre Avia;;Daniel;+33 1 46 62 7555;Lyon Souveniers;18
3;Young;78934 Hillside Dr.;;Julie;6265557265;Toys4GrownUps.com;51
4;Brown;7734 Strong St.;;Julie;6505551386;Corporate Gift Ideas Co.;52
5;Hirano;9408 Furth Circle;;Juri;6505556809;Technics Stores Inc.;53
6;Rance;184, chausse de Tournai;;Martine;20.16.1555;Daedalus Designs Imports;19
7;Oeztan;Drammen 121, PR 744 Sentrum;;Veysel;4 722 673 215;Herkku Gifts;35
8;Murphy;5557 North Pendale Street;;Julie;6505555787;Mini Wheels Co.;52
9;Perrier;25, rue Lauriston;;Dominique;(1) 47.55.6555;Auto Canal Petit;18
10;Ferguson;636 St Kilda Road;Level 3;Peter;395 204 555;Australian Collectors, Co.;0
11;Frick;2678 Kingston Rd.;Suite 101;Michael;2125551500;Vitachrome Inc.;50
12;Brown;7476 Moss Rd.;;William;2015559350;Tekni Collectables Inc.;54
13;King;25593 South Bay Ln.;;Julie;2035552570;Gift Depot Inc.;55
14;Labrune;67, rue des Cinquante Otages;;Janine;40.67.8555;La Rochelle Gifts;20
15;Hernandez;39323 Spinnaker Dr.;;Marta;6175558555;Marta's Replicas Co.;56
16;Karttunen;Keskuskatu 45;;Matti;90-224 8555;Toys of Finland, Co.;14
17;Bergulfsen;Erling Skakkes gate 78;;Jonas;07-98 9555;Baane Mini Imports;36
18;Yu;7586 Pompton St.;;Kyung;2155551555;Diecast Classics Inc.;57
19;Pipps;Geislweg 14;;Georg;6562-9555;Salzburg Collectables;5
20;Huxley;Monitor Money Building, 815 Pacific Hwy;Level 6;Adrian;+61 2 9495 8555;Souveniers And Things Co.;1
21;Benitez;1785 First Street;;Violeta;5085552555;FunGiftIdeas.com;58
22;Devon;Berkeley Gardens 12  Brewery;;Elizabeth;(171) 555-2282;UK Collectables, Ltd.;46
23;Freyre;C/ Moralzarzal, 86;;Diego;(91) 555 94 44;Euro Shopping Channel;40
24;Berglund;Berguvsv„gen  8;;Christina;0921-12 3555;Volvo Model Replicas, Co;43
25;Sommer;C/ Araquil, 67;;Mart¡n;(91) 555 22 82;Corrida Auto Replicas, Ltd;40
26;Natividad;Bronz Sok., Bronz Apt. 3/6 Tesvikiye;;Eric;652 217 555;Dragon Souveniers, Ltd.;39
27;Hernandez;5905 Pompton St.;Suite 750;Maria;2125558493;Classic Legends Inc.;50
28;Calaghan;31 Duncan St. West End;;Tony;61-7-3844-6555;Australian Gift Network, Co;2
29;Cervantes;782 First Street;;Francisca;2155554695;Classic Gift Ideas, Inc;59
30;Saveley;2, rue du Commerce;;Mary;78.32.5555;Saveley & Henriot, Co.;21
31;Tannamuri;1900 Oak St.;;Yoshi;(604) 555-3392;Canadian Gift Exchange Network;9
32;Thompson;3675 Furth Circle;;Steve;3105553722;West Coast Collectables Co.;60
33;Tseng;4658 Baden Av.;;Kyung;6175555555;Cambridge Collectables Co.;56
34;Murphy;567 North Pendale Street;;Leslie;2035559545;Super Scale Inc.;61
35;Shimamura;2-2-8 Roppongi;;Akiko;+81 3 3584 0555;Tokyo Collectables, Ltd;33
36;Accorti;Via Monte Bianco 34;;Paolo;011-4988555;Amica Models & Co.;30
37;Larsson;?kergatan 24;;Maria;0695-34 6555;Scandinavian Gift Ideas;44
38;Tonini;67, avenue de l'Europe;;Daniel;30.59.8555;Auto Assoc. & Cie.;22
39;Nelson;5677 Strong St.;;Valarie;4155551450;Mini Gifts Distributors Ltd.;62
40;Young;2304 Long Airport Avenue;;Valarie;6035558647;Online Diecast Creations Co.;63
41;Nelson;7825 Douglas Av.;;Allen;6175558555;Collectables For Less Inc.;64
42;O'Hara;201 Miller Street;Level 15;Anna;299 368 555;Anna's Decorations, Ltd;3
43;Fresnisre;43 rue St. Laurent;;Jean;(514) 555-8054;Quebec Home Shopping Network;10
44;Kentary;Dojima Avanza 4F, 1-6-20 Dojima, Kita-ku;;Mory;+81 06 6342 5555;Osaka Souveniers Co.;34
45;Hernandez;11328 Douglas Av.;;Rosa;2155559857;Motor Mint Distributors Inc.;59
46;Schmitt;54, rue Royale;;Carine;40.32.2555;Atelier graphique;20
47;Frick;3758 North Pendale Street;;Steve;9145554562;Mini Classics;65
48;Petersen;Vinb'ltet 34;;Jytte;31 12 3555;Danish Wholesale Imports;12
49;Brown;35 King George;;Ann;(171) 555-0297;Stylish Desk Decors, Co.;47
50;Tam;4575 Hillside Dr.;;Wing C;5085559555;Mini Creations Ltd.;58
51;Roulet;1 rue Alsace-Lorraine;;Annette;61.77.6555;Alpha Cognac;23
52;Hardy;120 Hanover Sq.;;Thomas;(171) 555-7555;Double Decker Gift Stores, Ltd;47
53;Saavedra;Rambla de Catalu¤a, 23;;Eduardo;(93) 203 4555;Enaco Distributors;41
54;Chandler;6047 Douglas Av.;;Michael;2155554369;Men 'R' US Retailers, Ltd.;66
55;Thompson;361 Furth Circle;;Valarie;7605558146;Collectable Mini Designs Co.;67
56;Dewey;Rue Joseph-Bens 532;;Catherine;(02) 5554 67;Petit Auto;7
57;Lincoln;23 Tsawassen Blvd.;;Elizabeth;(604) 555-4555;Royal Canadian Collectables, Ltd.;11
58;Yoshido;8616 Spinnaker Dr.;;Juri;6175559555;Gifts4AllAges.com;68
59;Bennett;Garden House Crowther Way;;Helen;(198) 555-8888;giftsbymail.co.uk;48
60;Koskitalo;Torikatu 38;;Pirkko;981-443655;Oulu Toy Supplies, Inc.;15
61;Frick;3086 Ingle Ln.;;Sue;4085553659;The Sharp Gifts Warehouse;69
62;Bertrand;265, boulevard Charonne;;Marie;(1) 42.34.2555;La Corne D'abondance, Co.;18
63;Mendel;Kirchgasse 6;;Roland;7675-3555;Mini Auto Werke;6
64;Franco;6251 Ingle Ln.;;Valarie;6175552555;Diecast Collectables;68
65;Victorino;Village Close - 106 Linden Road Sandown;2nd Floor;Wendy;652 241 555;Handji Gifts& Co;39
66;Cruz;15 McCallum Street - NatWest Center #13-03;;Arnold;+63 2 555 3587;Cruz & Sons Co.;38
67;Lebihan;12, rue des Bouchers;;Laurence;91.24.4555;Marseille Mini Autos;24
68;Pfalzheim;Mehrheimerstr. 369;;Henriette;0221-5554327;Toms Spezialitten, Ltd;26
69;Holz;Grenzacherweg 237;;Michael;0897-034555;Vida Sport, Ltd;45
70;Moroni;Strada Provinciale 124;;Maurizio;0522-556555;L'ordine Souveniers;31
71;Barajas;7635 Spinnaker Dr.;;Miguel;6175557555;Online Mini Collectables;64
72;Keitel;Lyonerstr. 34;;Roland;+49 69 66 90 2555;Blauer See Auto, Co.;27
73;Suominen;Software Engineering Center, SEC Oy;;Kalle;+358 9 8045 555;Suominen Souveniers;16
74;Young;4092 Furth Circle;Suite 400;Jeff;2125557413;Muscle Machine Inc;50
75;Cassidy;25 Maiden Lane;Floor No. 4;Dean;35 318 621 555;Clover Collections, Co.;29
76;Fernandez;Merchants House, 27-30 Merchant's Quay;;Jesus;34 913 728 555;CAF Imports;40
77;Ashworth;Fauntleroy Circus;;Victoria;(171) 555-1555;AV Stores, Co.;49
78;Ibsen;Smagsloget 45;;Palle;86 21 3555;Heintze Collectables;13
79;Kuo;5290 North Pendale Street;Suite 200;Kee;2125551957;Microscale Inc.;50
80;Young;4097 Douglas Av.;;Leslie;3105552373;Boards & Toys Co.;70
81;Roel;C/ Romero, 33;;Jose Pedro;(95) 555 82 82;Iberia Gift Imports, Corp.;42
82;Taylor;2793 Furth Circle;;Sue;4155554312;Signal Collectibles Ltd.;71
83;Citeaux;24, place Kluber;;Frederique;88.60.1555;Mini Caravy;25
84;King;8489 Strong St.;;Sue;7025551838;Signal Gift Stores;72
85;Klaeboe;Drammensveien 126 A, PB 744 Sentrum;;Jan;4 722 121 555;Norway Gifts By Mail, Co.;37
86;Rovelli;Via Ludovico il Moro 22;;Giovanni;035-640555;Rovelli Gifts;32
87;Connery;7 Allen Street;;Sean;61-9-3844-6555;Australian Collectables, Ltd;4
88;Lewis;2440 Pompton St.;;Dan;2035554407;Gift Ideas Corp.;70
89;Donnermeyer;Hansastr. 15;;Michael;+49 89 61 08 9555;Bavarian Collectables Imports, Co.;28
90;Cartrain;Boulevard Tirou, 255;;Pascale;(071) 23 67 2555;Royale Belge;8
91;Taylor;16780 Pompton St.;;Leslie;6175558428;Auto-Moto Classics Inc.;64
