Nombre de SALES;Étiquettes de colonnes;;;;;;;;;;
Étiquettes de lignes;Large;Medium;Small;Total général;;;Country;Large;Medium;Small;
Australia;7;86;92;185;;;Australia;7;86;92;185
Austria;4;29;22;55;;;Austria;4;29;22;55
Belgium;;15;18;33;;;Belgium;;15;18;33
Canada;1;33;36;70;;;Canada;1;33;36;70
Denmark;6;31;26;63;;;Denmark;6;31;26;63
Finland;5;46;41;92;;;Finland;5;46;41;92
France;21;149;144;314;;;France;21;149;144;314
Germany;4;30;28;62;;;Germany;4;30;28;62
Ireland;2;6;8;16;;;Ireland;2;6;8;16
Italy;7;44;62;113;;;Italy;7;44;62;113
Japan;3;21;28;52;;;Japan;3;21;28;52
Norway;5;42;38;85;;;Norway;5;42;38;85
Philippines;1;14;11;26;;;Philippines;1;14;11;26
Singapore;4;38;37;79;;;Singapore;4;38;37;79
Spain;17;171;154;342;;;Spain;17;171;154;342
Sweden;2;31;24;57;;;Sweden;2;31;24;57
Switzerland;;22;9;31;;;Switzerland;;22;9;31
UK;4;71;69;144;;;UK;4;71;69;144
USA;64;505;435;1004;;;USA;64;505;435;1004
Total général;157;1384;1282;2823;;;;;;;
