0;Melbourne;1
1;Chatswood;1
2;South Brisbane;1
3;North Sydney;1
4;Glen Waverly;1
5;Salzburg;2
6;Graz;3
7;Bruxelles;3
8;Charleroi;3
9;Vancouver;4
10;Montreal;4
11;Tsawassen;4
12;Kobenhavn;5
13;Aaarhus;5
14;Helsinki;6
15;Oulu;6
16;Espoo;6
17;Reims;7
18;Paris;7
19;Lille;7
20;Nantes;7
21;Lyon;7
22;Versailles;7
23;Toulouse;7
24;Marseille;7
25;Strasbourg;7
26;Koln;8
27;Frankfurt;8
28;Munich;8
29;Dublin;9
30;Torino;10
31;Reggio Emilia;10
32;Bergamo;10
33;Minato-ku;11
34;Osaka;11
35;Bergen;12
36;Stavern;12
37;Oslo;12
38;Makati City;13
39;Singapore;14
40;Madrid;16
41;Barcelona;16
42;Sevilla;16
43;Lule;17
44;Boras;17
45;Gensve;18
46;Liverpool;19
47;London;19
48;Cowes;19
49;Manchester;19
50;NYC;0
51;Pasadena;0
52;San Francisco;0
53;Burlingame;0
54;Newark;0
55;Bridgewater;0
56;Cambridge;0
57;Allentown;0
58;New Bedford;0
59;Philadelphia;0
60;Burbank;0
61;New Haven;0
62;San Rafael;0
63;Nashua;0
64;Brickhaven;0
65;White Plains;0
66;Los Angeles;0
67;San Diego;0
68;Boston;0
69;San Jose;0
70;Glendale;0
71;Brisbane;0
72;Las Vegas;0